0.6875,0.5045377634210122,0.6165874826979911,0.5273498548783211,0.3368421052631579,0.4786150712830957,0.0,0.12687154487275448,0.7314348649269645,0.23210410038860613,0.0955209182023925,0.0,0.12687154487275448,0.7314348649269645,0.23210410038860613,0.0955209182023925,1.0,0.40772532188841204,0.02414486921529175,0.08764940239043825,0.0,0.072265625,0.32142857142857145,0.010101010101010102,0.14071294559099437,0.14071294559099437,0.009328358208955223,0.009900990099009901,0.28766928167594336,0.033480956598759964,0.5375922544955399,1.0,1.0,0.0,0.0,1.0,1.00,0.00,0.00,0.00,0.00,0.00,0.00,0.00,0.00,0.00,0.00,0.00,
0.6875,0.5045377634210122,0.6165874826979911,0.5273498548783211,0.3368421052631579,0.4786150712830957,0.0,0.12687154487275448,0.7314348649269645,0.23210410038860613,0.0955209182023925,0.0,0.12687154487275448,0.7314348649269645,0.23210410038860613,0.0955209182023925,1.0,0.40772532188841204,0.02414486921529175,0.08764940239043825,0.0,0.072265625,0.32142857142857145,0.010101010101010102,0.14071294559099437,0.14071294559099437,0.009328358208955223,0.009900990099009901,0.28766928167594336,0.033480956598759964,0.5375922544955399,1.0,1.0,0.0,0.0,1.0,1.00,0.00,0.00,0.00,0.00,0.00,0.00,0.00,0.00,0.00,0.00,0.00,
0.0,0.0,0.0,0.0,0.0,0.0,0.8132202652750598,0.0,0.0,0.0,0.0,0.8132202652750598,0.0,0.0,0.0,0.0,0.004941860465116279,0.0,0.0,0.01195219123505976,0.013806706114398421,0.076171875,0.3888888888888889,0.0,0.009380863039399626,0.0,0.16791044776119404,0.0,0.011017004864793794,0.0010628875110717448,1.0672722346374109E-5,0.0,0.0,0.0,0.0,0.0,0.00,1.00,0.00,0.00,0.00,0.00,0.00,0.00,0.00,0.00,0.00,0.00,
0.0,0.0,0.0,0.0,0.0,0.0,0.8132202652750598,0.0,0.0,0.0,0.0,0.8132202652750598,0.0,0.0,0.0,0.0,0.004941860465116279,0.0,0.0,0.01195219123505976,0.013806706114398421,0.076171875,0.3888888888888889,0.0,0.009380863039399626,0.0,0.16791044776119404,0.0,0.011017004864793794,0.0010628875110717448,4.819939124168943E-6,0.0,0.0,0.0,0.0,0.0,0.00,1.00,0.00,0.00,0.00,0.00,0.00,0.00,0.00,0.00,0.00,0.00,
0.0,0.0,0.0,0.0,0.0,0.0,0.8132202652750598,0.0,0.0,0.0,0.0,0.8132202652750598,0.0,0.0,0.0,0.0,0.004941860465116279,0.0,0.0,0.01195219123505976,0.013806706114398421,0.076171875,0.3888888888888889,0.0,0.009380863039399626,0.0,0.16791044776119404,0.0,0.011017004864793794,0.0010628875110717448,4.819939124168943E-6,0.0,0.0,0.0,0.0,0.0,0.00,1.00,0.00,0.00,0.00,0.00,0.00,0.00,0.00,0.00,0.00,0.00,
0.0,0.0,0.0,0.0,0.0,0.0,0.8132202652750598,0.0,0.0,0.0,0.0,0.8132202652750598,0.0,0.0,0.0,0.0,0.004941860465116279,0.0,0.0,0.01195219123505976,0.013806706114398421,0.076171875,0.3888888888888889,0.0,0.009380863039399626,0.0,0.16791044776119404,0.0,0.011017004864793794,0.0010628875110717448,4.819939124168943E-6,0.0,0.0,0.0,0.0,0.0,0.00,1.00,0.00,0.00,0.00,0.00,0.00,0.00,0.00,0.00,0.00,0.00,
0.0,0.0,0.0,0.0,0.0,0.0,0.8132202652750598,0.0,0.0,0.0,0.0,0.8132202652750598,0.0,0.0,0.0,0.0,0.004941860465116279,0.0,0.0,0.01195219123505976,0.013806706114398421,0.076171875,0.3888888888888889,0.0,0.009380863039399626,0.0,0.16791044776119404,0.0,0.011017004864793794,0.0010628875110717448,4.819939124168943E-6,0.0,0.0,0.0,0.0,0.0,0.00,1.00,0.00,0.00,0.00,0.00,0.00,0.00,0.00,0.00,0.00,0.00,
0.0,0.0,0.0,0.0,0.0,0.0,0.8132202652750598,0.0,0.0,0.0,0.0,0.8132202652750598,0.0,0.0,0.0,0.0,0.004941860465116279,0.0,0.0,0.01195219123505976,0.013806706114398421,0.076171875,0.3888888888888889,0.0,0.009380863039399626,0.0,0.16791044776119404,0.0,0.011017004864793794,0.0010628875110717448,4.819939124168943E-6,0.0,0.0,0.0,0.0,0.0,0.00,1.00,0.00,0.00,0.00,0.00,0.00,0.00,0.00,0.00,0.00,0.00,
0.5625,0.38732502691893556,0.2067138029503822,0.3759767805313686,0.43609022556390975,0.25865580448065173,1.8134055178632805E-4,0.24995872486005516,0.28545217975094167,0.6779985482952385,0.0,1.8134055178632805E-4,0.24995872486005516,0.28545217975094167,0.6779985482952385,0.0,0.32790697674418606,0.17167381974248927,0.0,1.0,0.0650887573964497,0.4140625,0.057539682539682536,0.020202020202020204,0.01876172607879925,0.01876172607879925,0.018656716417910446,0.019801980198019802,0.4067635973177894,0.03241806908768822,0.7306287507303068,1.0,1.0,0.0,0.0,1.0,0.00,0.00,1.00,0.00,0.00,0.00,0.00,0.00,0.00,0.00,0.00,0.00,
0.4375,0.015536071373634825,0.006135198832815832,0.013172583165885243,0.018796992481203006,0.017311608961303463,0.0,0.3643530098296564,0.49441095400412405,0.22526294991015736,0.0,0.0,0.3643530098296564,0.49441095400412405,0.22526294991015736,0.0,0.011337209302325582,0.034334763948497854,0.613682092555332,0.03187250996015936,0.1834319526627219,0.001953125,0.6825396825396826,0.010101010101010102,0.009380863039399626,0.009380863039399626,0.009328358208955223,0.009900990099009901,0.045996406188368325,0.0038972542072630645,0.015875502349548182,0.0,0.0,0.0,0.0,0.0,0.00,0.00,1.00,0.00,0.00,0.00,0.00,0.00,0.00,0.00,0.00,0.00,
0.5625,0.804183971696662,0.35822328632174877,0.797722705961152,0.6857142857142857,0.7566191446028513,0.0,0.15582088270328243,0.1637002668680903,0.9439649685314534,0.0,0.0,0.15582088270328243,0.1637002668680903,0.9439649685314534,0.0,0.3372093023255814,0.1888412017167382,0.4104627766599598,0.08764940239043825,0.05917159763313609,0.015625,0.4444444444444444,0.020202020202020204,0.01876172607879925,0.01876172607879925,0.018656716417910446,0.019801980198019802,0.4597120567997546,0.029760850310008857,0.9770305801037733,1.0,1.0,0.0,0.0,1.0,0.00,0.00,1.00,0.00,0.00,0.00,0.00,0.00,0.00,0.00,0.00,0.00,
0.5625,0.2076603599446239,0.06474380556906463,0.19267693681625364,0.17443609022556392,0.25967413441955195,1.9193087696707338E-4,0.16001565354021272,0.11862932725953468,1.0,0.0,1.9193087696707338E-4,0.16001565354021272,0.11862932725953468,1.0,0.0,0.029651162790697676,0.09871244635193133,0.4104627766599598,0.11952191235059761,0.015779092702169626,0.0,0.4444444444444444,0.010101010101010102,0.009380863039399626,0.009380863039399626,0.009328358208955223,0.009900990099009901,0.06836459657273086,0.014526129317980514,0.1380282524174577,0.0,0.0,0.0,0.0,1.0,0.00,0.00,1.00,0.00,0.00,0.00,0.00,0.00,0.00,0.00,0.00,0.00,
0.5625,1.0,0.4100233187435312,1.0,0.7819548872180451,1.0,0.0,0.14077952745665634,0.14887781227358218,0.9840464982646222,0.0,0.0,0.14077952745665634,0.14887781227358218,0.9840464982646222,0.0,0.3372093023255814,0.21030042918454936,0.4104627766599598,0.08764940239043825,0.05917159763313609,0.435546875,0.017857142857142856,0.020202020202020204,0.01876172607879925,0.01876172607879925,0.018656716417910446,0.019801980198019802,0.4597120567997546,0.03153232949512843,1.0,1.0,1.0,0.0,0.0,1.0,0.00,0.00,1.00,0.00,0.00,0.00,0.00,0.00,0.00,0.00,0.00,0.00,
0.5625,0.2045839101676665,0.6933273477734965,0.1855324849296718,0.0962406015037594,0.37780040733197556,0.0,0.03167144303716674,0.44313193614555973,0.7467273458408875,0.0,0.0,0.03167144303716674,0.44313193614555973,0.7467273458408875,0.0,0.2947674418604651,0.04291845493562232,0.10261569416498995,0.14741035856573706,0.07692307692307693,0.490234375,0.04563492063492063,0.0,0.7279549718574109,0.7279549718574109,0.7238805970149254,0.7683168316831683,1.0,0.007263064658990257,0.761862300536287,0.0,0.0,0.0,1.0,0.0,0.00,0.00,0.00,1.00,0.00,0.00,0.00,0.00,0.00,0.00,0.00,0.00,
0.5625,0.09275496077526535,0.2814210716646091,0.08260772493860237,0.05263157894736842,0.1659877800407332,0.0,0.05316456590073415,0.4315388189575061,0.7355823460915204,0.0,0.0,0.05316456590073415,0.4315388189575061,0.7355823460915204,0.0,0.2947674418604651,0.034334763948497854,0.10261569416498995,0.14741035856573706,0.07692307692307693,0.490234375,0.04563492063492063,0.7838383838383839,0.7279549718574109,0.7279549718574109,0.7238805970149254,0.009900990099009901,0.4752651531752641,0.0070859167404783,0.4355004353437873,0.0,0.0,0.0,1.0,0.0,0.00,0.00,0.00,1.00,0.00,0.00,0.00,0.00,0.00,0.00,0.00,0.00,
0.5625,0.14443931702814952,0.47832105046575135,0.1297164545657513,0.07293233082706767,0.26578411405295316,0.0,0.034069754771517705,0.4464119923338015,0.7394628302646471,0.0,0.0,0.034069754771517705,0.4464119923338015,0.7394628302646471,0.0,0.2947674418604651,0.03862660944206009,0.10261569416498995,0.14741035856573706,0.07692307692307693,0.490234375,0.04563492063492063,0.0,0.7279549718574109,0.7279549718574109,0.7238805970149254,0.7683168316831683,0.9994576412324144,0.0070859167404783,0.6423419257929057,0.0,0.0,0.0,1.0,0.0,0.00,0.00,0.00,1.00,0.00,0.00,0.00,0.00,0.00,0.00,0.00,0.00,
0.5625,0.36963544070143056,1.0,0.34695244474212994,0.1699248120300752,0.6344195519348269,0.0,0.0240124122452143,0.48065107902838783,0.7069192330579328,0.0,0.0,0.0240124122452143,0.48065107902838783,0.7069192330579328,0.0,0.2947674418604651,0.296137339055794,0.10261569416498995,0.14741035856573706,0.07692307692307693,0.490234375,0.013888888888888888,0.0,0.7279549718574109,0.7279549718574109,0.7238805970149254,0.7683168316831683,0.9994576412324144,0.015589016829052258,0.948709650654255,1.0,1.0,0.0,1.0,0.0,0.00,0.00,0.00,1.00,0.00,0.00,0.00,0.00,0.00,0.00,0.00,0.00,
0.5625,0.1355176126749731,0.4696793984512364,0.12123241795043536,0.06917293233082707,0.2505091649694501,0.0,0.022745094901433133,0.4532603251028108,0.7443164658221638,0.0,0.0,0.022745094901433133,0.4532603251028108,0.7443164658221638,0.0,0.2947674418604651,0.034334763948497854,0.10261569416498995,0.14741035856573706,0.07692307692307693,0.490234375,0.04563492063492063,0.7838383838383839,0.7279549718574109,0.009380863039399626,0.009328358208955223,0.0,0.4752651531752641,0.006377325066430469,0.44879520457370903,0.0,0.0,0.0,1.0,0.0,0.00,0.00,0.00,1.00,0.00,0.00,0.00,0.00,0.00,0.00,0.00,0.00,
0.1875,0.014151668974004,0.007706408290000374,0.016744809109176157,0.004511278195488722,0.01120162932790224,0.0,0.26938137106057825,0.6561648791283623,0.0,0.0,0.0,0.26938137106057825,0.6561648791283623,0.0,0.0,0.01918604651162791,0.0944206008583691,0.0,0.08764940239043825,0.013806706114398421,0.005859375,0.0,0.8282828282828283,0.7692307692307693,0.5609756097560976,0.5578358208955224,0.6039603960396039,0.15980957181049218,0.0030115146147032773,0.0703745540265255,0.0,0.0,0.0,0.0,0.0,0.00,0.00,0.00,0.00,1.00,0.00,0.00,0.00,0.00,0.00,0.00,0.00,
0.1875,0.01384402399630826,0.007432070130809422,0.01629828086626479,0.004511278195488722,0.01120162932790224,0.0,0.273412452084907,0.6477140643161565,0.0,0.0,0.0,0.273412452084907,0.6477140643161565,0.0,0.0,0.0188953488372093,0.0944206008583691,0.0,0.08764940239043825,0.013806706114398421,0.005859375,0.0,0.604040404040404,0.3058161350844278,0.7692307692307693,0.7705223880597015,0.8178217821782178,0.9033615286847526,0.0024800708591674048,0.15494210736689823,0.0,0.0,0.0,0.0,0.0,0.00,0.00,0.00,0.00,1.00,0.00,0.00,0.00,0.00,0.00,0.00,0.00,
0.1875,0.01399784648515613,0.007693938373673512,0.016521544987720474,0.004511278195488722,0.01120162932790224,0.0,0.2663965572889848,0.6587440964348433,0.0,0.0,0.0,0.2663965572889848,0.6587440964348433,0.0,0.0,0.01918604651162791,0.0944206008583691,0.0,0.08764940239043825,0.013806706114398421,0.005859375,0.0,0.604040404040404,0.3058161350844278,0.7692307692307693,0.7705223880597015,0.8178217821782178,0.8973846254985318,0.0030115146147032773,0.15872162820297867,0.0,0.0,0.0,0.0,0.0,0.00,0.00,0.00,0.00,1.00,0.00,0.00,0.00,0.00,0.00,0.00,0.00,
0.1875,0.01399784648515613,0.0077562879553078196,0.016521544987720474,0.004511278195488722,0.01120162932790224,0.0,0.2660745754167339,0.6600700555029105,0.0,0.0,0.0,0.2660745754167339,0.6600700555029105,0.0,0.0,0.01918604651162791,0.0944206008583691,0.0,0.08764940239043825,0.013806706114398421,0.005859375,0.0,0.8282828282828283,0.7692307692307693,0.5609756097560976,0.7705223880597015,0.592079207920792,0.15980957181049218,0.0030115146147032773,0.08464570521045749,0.0,0.0,0.0,0.0,0.0,0.00,0.00,0.00,0.00,1.00,0.00,0.00,0.00,0.00,0.00,0.00,0.00,
0.1875,0.01399784648515613,0.007693938373673512,0.016521544987720474,0.004511278195488722,0.01120162932790224,0.0,0.2663965572889848,0.6587440964348433,0.0,0.0,0.0,0.2663965572889848,0.6587440964348433,0.0,0.0,0.01918604651162791,0.0944206008583691,0.0,0.08764940239043825,0.013806706114398421,0.005859375,0.0,0.604040404040404,0.3058161350844278,0.7692307692307693,0.7705223880597015,0.8178217821782178,0.8973846254985318,0.0030115146147032773,0.15843380898099257,0.0,0.0,0.0,0.0,0.0,0.00,0.00,0.00,0.00,1.00,0.00,0.00,0.00,0.00,0.00,0.00,0.00,
0.3125,0.005383787109675435,0.0018829573653560785,0.004242018307657959,0.006015037593984963,0.008146639511201629,0.0,0.005793714110208937,0.8056339873086104,0.14165145460671694,0.0,0.0,0.005793714110208937,0.8056339873086104,0.14165145460671694,0.0,0.009883720930232558,0.034334763948497854,0.0,0.1553784860557769,0.8224852071005917,0.013671875,0.10714285714285714,0.010101010101010102,0.009380863039399626,0.009380863039399626,0.7723880597014925,0.009900990099009901,0.2221096112547662,0.004074402125775022,0.05983369144333421,0.0,0.0,0.0,0.0,0.0,0.00,0.00,0.00,0.00,0.00,1.00,0.00,0.00,0.00,0.00,0.00,0.00,
0.3125,0.005383787109675435,0.0018829573653560785,0.004242018307657959,0.006015037593984963,0.008146639511201629,0.0,0.005793714110208937,0.8056339873086104,0.14165145460671694,0.0,0.0,0.005793714110208937,0.8056339873086104,0.14165145460671694,0.0,0.009883720930232558,0.034334763948497854,0.0,0.1553784860557769,0.8224852071005917,0.013671875,0.10714285714285714,0.010101010101010102,0.009380863039399626,0.009380863039399626,0.7723880597014925,0.009900990099009901,0.2221096112547662,0.004074402125775022,0.059923893161229376,0.0,0.0,0.0,0.0,0.0,0.00,0.00,0.00,0.00,0.00,1.00,0.00,0.00,0.00,0.00,0.00,0.00,
0.3125,0.005383787109675435,0.0018829573653560785,0.004242018307657959,0.006015037593984963,0.008146639511201629,0.0,0.005793714110208937,0.8056339873086104,0.14165145460671694,0.0,0.0,0.005793714110208937,0.8056339873086104,0.14165145460671694,0.0,0.009883720930232558,0.034334763948497854,0.0,0.1553784860557769,0.8224852071005917,0.013671875,0.10714285714285714,0.010101010101010102,0.009380863039399626,0.009380863039399626,0.7723880597014925,0.009900990099009901,0.2221096112547662,0.004074402125775022,0.059923893161229376,0.0,0.0,0.0,0.0,0.0,0.00,0.00,0.00,0.00,0.00,1.00,0.00,0.00,0.00,0.00,0.00,0.00,
0.3125,0.006306722042762652,0.0020575361939321386,0.004688546550569324,0.009774436090225564,0.007128309572301426,0.0,0.005401868711450844,0.7208991478043749,0.15188183743942427,0.0,0.0,0.005401868711450844,0.7208991478043749,0.15188183743942427,0.0,0.008430232558139536,0.034334763948497854,0.06237424547283702,0.03187250996015936,0.013806706114398421,0.814453125,0.10714285714285714,0.010101010101010102,0.776735459662289,0.776735459662289,0.7723880597014925,0.009900990099009901,0.13246154183284392,0.005314437555358724,0.037656807251667264,0.0,0.0,0.0,0.0,0.0,0.00,0.00,0.00,0.00,0.00,1.00,0.00,0.00,0.00,0.00,0.00,0.00,
0.3125,0.005076142131979695,0.0017956679510680482,0.004018754186202277,0.006015037593984963,0.007128309572301426,0.0,0.006011757114356585,0.8022909870726108,0.13963330216205136,0.0,0.0,0.006011757114356585,0.8022909870726108,0.13963330216205136,0.0,0.009593023255813954,0.030042918454935622,0.06237424547283702,0.03187250996015936,0.8224852071005917,0.013671875,0.10714285714285714,0.010101010101010102,0.009380863039399626,0.776735459662289,0.7723880597014925,0.8198019801980198,0.15473659990358066,0.003720106288751107,0.03941092081149872,0.0,0.0,0.0,0.0,0.0,0.00,0.00,0.00,0.00,0.00,1.00,0.00,0.00,0.00,0.00,0.00,0.00,
0.4375,0.03630210736809721,0.07799932662451835,0.041527126590756865,0.016541353383458645,0.028513238289205704,0.0014357782897270062,0.9809217106154159,0.11169533200221972,0.018234503589678378,0.0,0.0014357782897270062,0.9809217106154159,0.11169533200221972,0.018234503589678378,0.0,0.47674418604651164,0.18454935622317598,0.8591549295774648,0.1553784860557769,0.015779092702169626,0.04296875,0.001984126984126984,1.0,0.0,0.8799249530956847,0.914179104477612,0.009900990099009901,0.177575930227462,0.020194862710363155,0.5052852353903341,0.0,0.0,0.0,0.0,0.0,0.00,0.00,0.00,0.00,0.00,0.00,1.00,0.00,0.00,0.00,0.00,0.00,
0.4375,0.03322565759113982,0.06658935318544013,0.038178164768921635,0.014285714285714285,0.026476578411405296,0.0016798766054275285,0.9843866905713116,0.10567241408106089,0.021334572483129834,0.0,0.0016798766054275285,0.9843866905713116,0.10567241408106089,0.021334572483129834,0.0,0.47674418604651164,0.18454935622317598,0.8591549295774648,0.1553784860557769,0.015779092702169626,0.04296875,0.001984126984126984,1.0,0.0,0.8799249530956847,0.914179104477612,0.009900990099009901,0.177575930227462,0.017360496014171833,0.42627197332783395,0.0,0.0,0.0,0.0,0.0,0.00,0.00,0.00,0.00,0.00,0.00,1.00,0.00,0.00,0.00,0.00,0.00,
0.4375,0.03353330256883556,0.07545546369383861,0.038401428890377315,0.015037593984962405,0.026476578411405296,0.0014838496455622779,1.0,0.09334136428430488,0.018845013803414534,0.0,0.0014838496455622779,1.0,0.09334136428430488,0.018845013803414534,0.0,0.47674418604651164,0.18454935622317598,0.8591549295774648,0.1553784860557769,0.015779092702169626,0.04296875,0.996031746031746,1.0,0.0,0.8799249530956847,0.914179104477612,0.009900990099009901,0.177575930227462,0.018600531443755536,0.4738984803764785,0.0,0.0,0.0,0.0,0.0,0.00,0.00,0.00,0.00,0.00,0.00,1.00,0.00,0.00,0.00,0.00,0.00,
0.4375,0.03953237963390248,0.07893457034903296,0.04554588077695914,0.016541353383458645,0.031568228105906315,0.0014188788277481102,0.9821863857256761,0.1107081896217299,0.01801987901823678,0.0,0.0014188788277481102,0.9821863857256761,0.1107081896217299,0.01801987901823678,0.0,0.47674418604651164,0.18454935622317598,0.8591549295774648,0.1553784860557769,0.015779092702169626,0.04296875,0.001984126984126984,1.0,0.0,0.8799249530956847,0.914179104477612,0.009900990099009901,0.177575930227462,0.020017714791851195,0.5174886326899977,0.0,0.0,0.0,0.0,0.0,0.00,0.00,0.00,0.00,0.00,0.00,1.00,0.00,0.00,0.00,0.00,0.00,
0.4375,0.03645592985694508,0.06914568603244672,0.041750390712212544,0.015789473684210527,0.029531568228105907,0.001618238033007152,0.9630776791796676,0.12626321536954768,0.020551757491355783,0.0,0.001618238033007152,0.9630776791796676,0.12626321536954768,0.020551757491355783,0.0,0.47674418604651164,0.18454935622317598,0.8591549295774648,0.1553784860557769,0.015779092702169626,0.04296875,0.001984126984126984,1.0,0.0,0.8799249530956847,0.914179104477612,0.009900990099009901,0.177575930227462,0.018069087688219663,0.44091666979388905,0.0,0.0,0.0,0.0,0.0,0.00,0.00,0.00,0.00,0.00,0.00,1.00,0.00,0.00,0.00,0.00,0.00,
0.0625,0.0026149823104137824,9.975933061489156E-4,0.0035722259432909133,7.518796992481203E-4,0.0,0.9963320607829927,0.0,0.0,0.0,0.0,0.9963320607829927,0.0,0.0,0.0,0.0,0.0,0.06866952789699571,0.6861167002012073,0.03187250996015936,0.005917159763313609,0.03515625,1.0,0.010101010101010102,0.0,0.009380863039399626,0.0,0.009900990099009901,4.985317964675461E-4,0.0,0.0,0.0,0.0,0.0,0.0,0.0,0.00,0.00,0.00,0.00,0.00,0.00,0.00,1.00,0.00,0.00,0.00,0.00,
0.0625,0.002461159821565913,0.0010225331388026386,0.003348961821835231,7.518796992481203E-4,0.0,0.996464869642068,0.0,0.0,0.0,0.0,0.996464869642068,0.0,0.0,0.0,0.0,0.0,0.06437768240343347,0.6861167002012073,0.7928286852589641,0.015779092702169626,0.005859375,0.037698412698412696,0.0,0.009380863039399626,0.0,0.009328358208955223,0.009900990099009901,0.0,0.0,5.129792353579717E-4,0.0,0.0,0.0,0.0,0.0,0.00,0.00,0.00,0.00,0.00,0.00,0.00,1.00,0.00,0.00,0.00,0.00,
0.0625,0.002461159821565913,0.0014340403775890663,0.003348961821835231,7.518796992481203E-4,0.0,0.9981676991536514,0.0,0.0,0.0,0.0,0.9981676991536514,0.0,0.0,0.0,0.0,8.720930232558139E-4,0.06437768240343347,0.6861167002012073,0.03187250996015936,0.39250493096646943,0.005859375,0.037698412698412696,0.010101010101010102,0.009380863039399626,0.0,0.009328358208955223,0.009900990099009901,0.014687513695928474,0.0,0.002409969562084431,0.0,0.0,0.0,0.0,0.0,0.00,0.00,0.00,0.00,0.00,0.00,0.00,1.00,0.00,0.00,0.00,0.00,
0.0625,0.003537917243501,0.0022196451061813377,0.004911810672025006,7.518796992481203E-4,0.0,1.0,0.0,0.0,0.0,0.0,1.0,0.0,0.0,0.0,0.0,8.720930232558139E-4,0.0944206008583691,0.6861167002012073,0.03187250996015936,0.39250493096646943,0.005859375,0.037698412698412696,0.010101010101010102,0.009380863039399626,0.0,0.009328358208955223,0.009900990099009901,0.014687513695928474,1.771479185119575E-4,0.003314396710598116,0.0,0.0,0.0,0.0,0.0,0.00,0.00,0.00,0.00,0.00,0.00,0.00,1.00,0.00,0.00,0.00,0.00,
0.0625,0.002461159821565913,0.0014340403775890663,0.003348961821835231,7.518796992481203E-4,0.0,0.9981676991536514,0.0,0.0,0.0,0.0,0.9981676991536514,0.0,0.0,0.0,0.0,8.720930232558139E-4,0.06437768240343347,0.6861167002012073,0.03187250996015936,0.39250493096646943,0.005859375,0.037698412698412696,0.010101010101010102,0.009380863039399626,0.0,0.009328358208955223,0.009900990099009901,0.014687513695928474,0.0,0.0024082481552543705,0.0,0.0,0.0,0.0,0.0,0.00,0.00,0.00,0.00,0.00,0.00,0.00,1.00,0.00,0.00,0.00,0.00,
0.1875,0.01076757421935087,0.01722095444739566,0.008707300736771601,0.021052631578947368,0.003054989816700611,0.0,0.027502838239256054,0.9973390605383468,0.0,0.0,0.0,0.027502838239256054,0.9973390605383468,0.0,0.0,0.15058139534883722,0.11158798283261803,1.0,0.027888446215139442,1.0,1.0,0.007936507936507936,0.0,0.0,0.0075046904315197,0.9421641791044776,1.0,0.006721961695227243,0.006200177147918512,0.006903185669907845,0.0,0.0,0.0,1.0,0.0,0.00,0.00,0.00,0.00,0.00,0.00,0.00,0.00,1.00,0.00,0.00,0.00,
0.1875,0.011075219197046609,0.018006559175987927,0.008930564858227283,0.02180451127819549,0.003054989816700611,0.0,0.024831874271817444,1.0,0.0,0.0,0.0,0.024831874271817444,1.0,0.0,0.0,0.15959302325581395,0.11587982832618025,1.0,0.027888446215139442,1.0,1.0,0.007936507936507936,0.0,0.0,0.0075046904315197,0.007462686567164179,1.0,0.007724503659552088,0.006377325066430469,0.0074746927374878674,0.0,0.0,0.0,1.0,0.0,0.00,0.00,0.00,0.00,0.00,0.00,0.00,0.00,1.00,0.00,0.00,0.00,
0.1875,0.01076757421935087,0.017196014614741933,0.008707300736771601,0.021052631578947368,0.003054989816700611,0.0,0.02596774466426511,0.9987427749092663,0.0,0.0,0.0,0.02596774466426511,0.9987427749092663,0.0,0.0,0.15058139534883722,0.11158798283261803,1.0,0.027888446215139442,1.0,1.0,0.007936507936507936,0.0,0.0,0.0075046904315197,0.9421641791044776,1.0,0.006721961695227243,0.006200177147918512,0.0067069452912809704,0.0,0.0,0.0,1.0,0.0,0.00,0.00,0.00,0.00,0.00,0.00,0.00,0.00,1.00,0.00,0.00,0.00,
0.1875,0.011075219197046609,0.018006559175987927,0.008930564858227283,0.02180451127819549,0.003054989816700611,0.0,0.024831874271817444,1.0,0.0,0.0,0.0,0.024831874271817444,1.0,0.0,0.0,0.15959302325581395,0.11587982832618025,1.0,0.027888446215139442,1.0,1.0,0.007936507936507936,0.0,0.0,0.0075046904315197,0.007462686567164179,1.0,0.007724503659552088,0.006377325066430469,0.0074746927374878674,0.0,0.0,0.0,1.0,0.0,0.00,0.00,0.00,0.00,0.00,0.00,0.00,0.00,1.00,0.00,0.00,0.00,
0.1875,0.0023073373327180432,0.0018580175327023555,0.002455905336012503,0.0015037593984962407,0.002036659877800407,0.0,0.04098066891566635,0.9615859756456262,0.0,0.0,0.0,0.04098066891566635,0.9615859756456262,0.0,0.0,0.0188953488372093,0.030042918454935622,0.0,0.3107569721115538,0.07495069033530571,0.005859375,0.10515873015873016,0.15151515151515152,0.009380863039399626,1.0,0.13992537313432835,0.009900990099009901,0.2913945742209756,0.00354295837023915,0.05286027237475991,1.0,1.0,0.0,0.0,0.0,0.00,0.00,0.00,0.00,0.00,0.00,0.00,0.00,0.00,1.00,0.00,0.00,
0.1875,0.002153514843870174,0.0018829573653560785,0.0022326412145568207,0.0015037593984962407,0.002036659877800407,0.0,0.040555998771462556,0.9624352331606217,0.0,0.0,0.0,0.040555998771462556,0.9624352331606217,0.0,0.0,0.019476744186046512,0.030042918454935622,0.0,0.3107569721115538,0.07495069033530571,0.005859375,0.07936507936507936,0.15151515151515152,0.009380863039399626,1.0,0.13992537313432835,0.009900990099009901,0.29346539860630233,0.00354295837023915,0.053577754741529045,1.0,1.0,0.0,0.0,0.0,0.00,0.00,0.00,0.00,0.00,0.00,0.00,0.00,0.00,1.00,0.00,0.00,
0.1875,0.002153514843870174,0.0018580175327023555,0.0022326412145568207,0.0015037593984962407,0.002036659877800407,0.0,0.04098066891566635,0.9615859756456262,0.0,0.0,0.0,0.04098066891566635,0.9615859756456262,0.0,0.0,0.0188953488372093,0.030042918454935622,0.0,0.3107569721115538,0.07495069033530571,0.005859375,0.10515873015873016,0.15151515151515152,0.009380863039399626,1.0,0.13992537313432835,0.009900990099009901,0.29146579304904235,0.00354295837023915,0.0528172372040084,1.0,1.0,0.0,0.0,0.0,0.00,0.00,0.00,0.00,0.00,0.00,0.00,0.00,0.00,1.00,0.00,0.00,
0.1875,0.002153514843870174,0.0018829573653560785,0.0022326412145568207,0.0015037593984962407,0.002036659877800407,0.0,0.040555998771462556,0.9624352331606217,0.0,0.0,0.0,0.040555998771462556,0.9624352331606217,0.0,0.0,0.019476744186046512,0.030042918454935622,0.0,0.3107569721115538,0.07495069033530571,0.005859375,0.07936507936507936,0.15151515151515152,0.009380863039399626,1.0,0.13992537313432835,0.009900990099009901,0.29346539860630233,0.00354295837023915,0.053577754741529045,1.0,1.0,0.0,0.0,0.0,0.00,0.00,0.00,0.00,0.00,0.00,0.00,0.00,0.00,1.00,0.00,0.00,
0.1875,0.002153514843870174,0.0018455476163754942,0.0022326412145568207,0.0015037593984962407,0.002036659877800407,0.0,0.041196356646801435,0.9611546422235364,0.0,0.0,0.0,0.041196356646801435,0.9611546422235364,0.0,0.0,0.0188953488372093,0.030042918454935622,0.0,0.3107569721115538,0.07495069033530571,0.005859375,0.10515873015873016,0.15151515151515152,0.009380863039399626,1.0,0.13992537313432835,0.009900990099009901,0.2913945742209756,0.00354295837023915,0.052794514633851604,1.0,1.0,0.0,0.0,0.0,0.00,0.00,0.00,0.00,0.00,0.00,0.00,0.00,0.00,1.00,0.00,0.00,
0.1875,0.002153514843870174,0.0018829573653560785,0.0022326412145568207,0.0015037593984962407,0.002036659877800407,0.0,0.040555998771462556,0.9624352331606217,0.0,0.0,0.0,0.040555998771462556,0.9624352331606217,0.0,0.0,0.019476744186046512,0.030042918454935622,0.0,0.3107569721115538,0.07495069033530571,0.005859375,0.07936507936507936,0.15151515151515152,0.009380863039399626,1.0,0.13992537313432835,0.009900990099009901,0.29346539860630233,0.00354295837023915,0.053577754741529045,1.0,1.0,0.0,0.0,0.0,0.00,0.00,0.00,0.00,0.00,0.00,0.00,0.00,0.00,1.00,0.00,0.00,
0.25,0.0046146746654360865,0.007419600214482561,0.0053583389149363695,0.0015037593984962407,0.004073319755600814,0.0,0.012287767288684888,0.293239465189706,0.9141522209462367,0.0,0.0,0.012287767288684888,0.293239465189706,0.9141522209462367,0.0,0.02936046511627907,0.03862660944206009,0.08853118712273642,0.03187250996015936,0.07495069033530571,0.15234375,0.007936507936507936,0.15151515151515152,1.0,0.009380863039399626,0.13992537313432835,0.009900990099009901,0.2780821317438752,0.0030115146147032773,0.047458842023396675,1.0,1.0,0.0,0.0,0.0,0.00,0.00,0.00,0.00,0.00,0.00,0.00,0.00,0.00,1.00,0.00,0.00,
0.1875,0.002153514843870174,0.0018829573653560785,0.0022326412145568207,0.0015037593984962407,0.002036659877800407,0.0,0.040555998771462556,0.9624352331606217,0.0,0.0,0.0,0.040555998771462556,0.9624352331606217,0.0,0.0,0.019476744186046512,0.030042918454935622,0.0,0.3107569721115538,0.07495069033530571,0.005859375,0.07936507936507936,0.15151515151515152,0.009380863039399626,1.0,0.13992537313432835,0.009900990099009901,0.29346539860630233,0.00354295837023915,0.053577754741529045,1.0,1.0,0.0,0.0,0.0,0.00,0.00,0.00,0.00,0.00,0.00,0.00,0.00,0.00,1.00,0.00,0.00,
0.1875,0.002153514843870174,0.0018455476163754942,0.0022326412145568207,0.0015037593984962407,0.002036659877800407,0.0,0.041196356646801435,0.9611546422235364,0.0,0.0,0.0,0.041196356646801435,0.9611546422235364,0.0,0.0,0.0188953488372093,0.030042918454935622,0.0,0.3107569721115538,0.07495069033530571,0.005859375,0.10515873015873016,0.15151515151515152,0.009380863039399626,1.0,0.13992537313432835,0.009900990099009901,0.2913562256212473,0.00354295837023915,0.052782464786041185,1.0,1.0,0.0,0.0,0.0,0.00,0.00,0.00,0.00,0.00,0.00,0.00,0.00,0.00,1.00,0.00,0.00,
0.1875,0.002153514843870174,0.0018580175327023555,0.0022326412145568207,0.0015037593984962407,0.002036659877800407,0.0,0.04098066891566635,0.9615859756456262,0.0,0.0,0.0,0.04098066891566635,0.9615859756456262,0.0,0.0,0.01918604651162791,0.030042918454935622,0.0,0.3107569721115538,0.07495069033530571,0.005859375,0.10515873015873016,0.15151515151515152,0.009380863039399626,1.0,0.13992537313432835,0.009900990099009901,0.29093986939562605,0.00354295837023915,0.052941522777138754,1.0,1.0,0.0,0.0,0.0,0.00,0.00,0.00,0.00,0.00,0.00,0.00,0.00,0.00,1.00,0.00,0.00,
0.4375,0.01692047377326565,0.016485229384110834,0.014288903773163653,0.011278195488721804,0.031568228105906315,0.0,0.20248691007901043,0.8262628093182642,0.010021528863305122,0.0,0.0,0.20248691007901043,0.8262628093182642,0.010021528863305122,0.0,0.09883720930232558,0.055793991416309016,0.14084507042253522,0.0,0.005917159763313609,0.015625,0.07738095238095238,0.15151515151515152,0.16885553470919323,0.009380863039399626,0.9944029850746269,0.1485148514851485,0.3398288556777841,0.008325952170062002,0.11167661238152848,1.0,1.0,0.0,0.0,1.0,0.00,0.00,0.00,0.00,0.00,0.00,0.00,0.00,0.00,0.00,1.00,0.00,
0.4375,0.01692047377326565,0.016497699300437693,0.014288903773163653,0.011278195488721804,0.031568228105906315,0.0,0.20233856802034447,0.8264219862534469,0.010014187083918085,0.0,0.0,0.20233856802034447,0.8264219862534469,0.010014187083918085,0.0,0.09883720930232558,0.055793991416309016,0.14084507042253522,0.0,0.005917159763313609,0.015625,0.07738095238095238,0.15151515151515152,0.16885553470919323,0.009380863039399626,0.9944029850746269,0.1485148514851485,0.3399165096200202,0.008325952170062002,0.11169967923305128,1.0,1.0,0.0,0.0,1.0,0.00,0.00,0.00,0.00,0.00,0.00,0.00,0.00,0.00,0.00,1.00,0.00,
0.4375,0.018766343639440086,0.01930343047398152,0.016521544987720474,0.011278195488721804,0.03360488798370672,0.0,0.16948617887304923,0.856489824040704,0.014615044734737053,0.0,0.0,0.16948617887304923,0.856489824040704,0.014615044734737053,0.0,0.047674418604651166,0.03862660944206009,0.14084507042253522,0.20717131474103587,0.0,0.005859375,0.017857142857142856,0.15151515151515152,1.0,0.16885553470919323,1.0,0.1485148514851485,0.3235307007932682,0.007971656333038087,0.10079732121554734,1.0,1.0,0.0,0.0,1.0,0.00,0.00,0.00,0.00,0.00,0.00,0.00,0.00,0.00,0.00,1.00,0.00,
0.4375,0.01707429626211352,0.016510169216764556,0.014288903773163653,0.011278195488721804,0.032586558044806514,0.0,0.2021904431535653,0.8265809301330878,0.01000685605384201,0.0,0.0,0.2021904431535653,0.8265809301330878,0.01000685605384201,0.0,0.09883720930232558,0.055793991416309016,0.14084507042253522,0.0,0.005917159763313609,0.015625,0.07738095238095238,0.15151515151515152,0.16885553470919323,0.009380863039399626,0.9944029850746269,0.1485148514851485,0.3398288556777841,0.008325952170062002,0.11167867806972455,1.0,1.0,0.0,0.0,1.0,0.00,0.00,0.00,0.00,0.00,0.00,0.00,0.00,0.00,0.00,1.00,0.00,
0.8125,0.030456852791878174,0.022982055790405645,0.022326412145568207,0.04360902255639098,0.04073319755600815,0.0037304845996390633,0.8079418850367015,0.24247757279527912,0.05148673428317885,0.0,0.0037304845996390633,0.8079418850367015,0.24247757279527912,0.05148673428317885,0.0,0.09883720930232558,0.055793991416309016,0.14084507042253522,0.20717131474103587,0.0,0.015625,0.007936507936507936,0.15151515151515152,1.0,0.16885553470919323,1.0,0.1485148514851485,0.32477976947013193,0.00974313551815766,0.1035767046833627,1.0,1.0,0.0,0.0,1.0,0.00,0.00,0.00,0.00,0.00,0.00,0.00,0.00,0.00,0.00,1.00,0.00,
0.4375,0.01692047377326565,0.016485229384110834,0.014288903773163653,0.011278195488721804,0.031568228105906315,0.0,0.20248691007901043,0.8262628093182642,0.010021528863305122,0.0,0.0,0.20248691007901043,0.8262628093182642,0.010021528863305122,0.0,0.09883720930232558,0.055793991416309016,0.14084507042253522,0.0,0.005917159763313609,0.015625,0.07738095238095238,0.15151515151515152,0.16885553470919323,0.009380863039399626,0.9944029850746269,0.1485148514851485,0.3398288556777841,0.008325952170062002,0.11167695666289448,1.0,1.0,0.0,0.0,1.0,0.00,0.00,0.00,0.00,0.00,0.00,0.00,0.00,0.00,0.00,1.00,0.00,
0.4375,0.03599446239040148,0.035975708602995274,0.03125697700379549,0.02180451127819549,0.06619144602851323,0.0,0.1860461164785269,0.8410349400966592,0.012609254013590742,0.0,0.0,0.1860461164785269,0.8410349400966592,0.012609254013590742,0.0,0.09883720930232558,0.055793991416309016,0.14084507042253522,0.20717131474103587,0.0,0.005859375,0.017857142857142856,0.15151515151515152,0.14071294559099437,1.0,0.16791044776119404,0.009900990099009901,0.3393358022527063,0.008680248007085917,0.21375190602771257,1.0,1.0,0.0,0.0,1.0,0.00,0.00,0.00,0.00,0.00,0.00,0.00,0.00,0.00,0.00,1.00,0.00,
0.75,0.5220735271496693,0.3279837392291098,0.3212770707747265,1.0,0.6364562118126272,0.04572103271502994,0.15611490798619246,0.7569066746964109,0.11176667554663981,0.0,0.04572103271502994,0.15611490798619246,0.7569066746964109,0.11176667554663981,0.0,0.7258720930232558,0.9871244635193133,0.9959758551307847,0.08764940239043825,0.07692307692307693,0.072265625,0.15674603174603174,0.15151515151515152,0.14071294559099437,0.14071294559099437,0.13992537313432835,0.1485148514851485,0.09879147127142043,1.0,0.2457525147171677,1.0,1.0,0.0,1.0,0.0,0.00,0.00,0.00,0.00,0.00,0.00,0.00,0.00,0.00,0.00,0.00,1.00,
1.0,0.21350561452084293,0.0663399548589029,0.11319490957803081,0.4473684210526316,0.29124236252545826,0.0,0.2168806967924539,0.3682164126248381,0.4417942966323574,1.0,0.0,0.2168806967924539,0.3682164126248381,0.4417942966323574,1.0,0.2938953488372093,0.6394849785407726,0.14084507042253522,0.1553784860557769,0.9921104536489151,0.04296875,0.07539682539682539,0.15151515151515152,0.14071294559099437,0.14071294559099437,0.13992537313432835,0.1485148514851485,0.19114037778849105,0.009388839681133746,0.1671637515789604,1.0,1.0,0.0,0.0,0.0,0.00,0.00,0.00,0.00,0.00,0.00,0.00,0.00,0.00,0.00,0.00,1.00,
0.75,0.31179818489463157,0.20353397428703254,0.19468631390935476,0.518796992481203,0.47352342158859473,0.07299127497826279,0.2259743231822882,0.6847031130269515,0.0793564965843973,0.0,0.07299127497826279,0.2259743231822882,0.6847031130269515,0.0793564965843973,0.0,0.3375,0.9785407725321889,0.9959758551307847,0.08764940239043825,0.15384615384615385,0.076171875,0.07539682539682539,0.15151515151515152,0.14071294559099437,0.14071294559099437,0.13992537313432835,0.1485148514851485,0.09879147127142043,0.46058458813108943,0.2257325532835663,1.0,1.0,0.0,1.0,0.0,0.00,0.00,0.00,0.00,0.00,0.00,0.00,0.00,0.00,0.00,0.00,1.00,
0.75,0.297185048454084,0.13650817403015225,0.17191337352087518,0.5323308270676692,0.4623217922606925,8.227405487679461E-4,0.4300170638948396,0.6092773059065194,0.04104914525389845,0.0,8.227405487679461E-4,0.4300170638948396,0.6092773059065194,0.04104914525389845,0.0,0.34244186046511627,0.9957081545064378,0.9959758551307847,0.3107569721115538,0.07692307692307693,0.04296875,0.07539682539682539,0.15151515151515152,0.14071294559099437,0.14071294559099437,0.13992537313432835,0.1485148514851485,0.09875312267169216,0.4878653675819309,0.22016311362558919,1.0,1.0,0.0,1.0,0.0,0.00,0.00,0.00,0.00,0.00,0.00,0.00,0.00,0.00,0.00,0.00,1.00,
0.75,0.3984002461159822,0.2093698951280037,0.24849296718017413,0.6849624060150376,0.5763747454175153,5.371373509036929E-4,0.3936107965706199,0.5983983824283334,0.10053870204075958,0.0,5.371373509036929E-4,0.3936107965706199,0.5983983824283334,0.10053870204075958,0.0,0.5215116279069767,1.0,0.9959758551307847,0.3107569721115538,0.07692307692307693,0.04296875,0.07738095238095238,0.15151515151515152,0.14071294559099437,0.14071294559099437,0.13992537313432835,0.1485148514851485,0.09879147127142043,0.5066430469441984,0.3610106861493196,1.0,1.0,0.0,1.0,0.0,0.00,0.00,0.00,0.00,0.00,0.00,0.00,0.00,0.00,0.00,0.00,1.00,
